feed_id,image_url
1,https://img1.daumcdn.net/thumb/R1280x0/?scode=mtistory2&fname=https%3A%2F%2Fblog.kakaocdn.net%2Fdn%2FnSi5U%2FbtqYkarkCdY%2Fp0fXKRbKQpGVCXeFFzVbFK%2Fimg.jpg
11,https://img1.daumcdn.net/thumb/R1280x0/?scode=mtistory2&fname=https%3A%2F%2Fblog.kakaocdn.net%2Fdn%2FbLwL10%2FbtqYn4cO6Pg%2FJFB7KU7Tk5UKqW3skMEsd1%2Fimg.jpg
20,https://img1.daumcdn.net/thumb/R1280x0/?scode=mtistory2&fname=https%3A%2F%2Fblog.kakaocdn.net%2Fdn%2Fd09csi%2FbtqYpV7ugqj%2F92uJ1KT6Dlgdm0vW38C0zK%2Fimg.jpg
20,https://img1.daumcdn.net/thumb/R1280x0/?scode=mtistory2&fname=https%3A%2F%2Fblog.kakaocdn.net%2Fdn%2FYsIjg%2FbtqYn53R6Nu%2FZzaXvGU0hLxkxzZxS4xH70%2Fimg.jpg
30,https://img1.daumcdn.net/thumb/R1280x0/?scode=mtistory2&fname=https%3A%2F%2Fblog.kakaocdn.net%2Fdn%2Fdg12kG%2FbtqYnobw328%2FzGmIDWTxA6K5yAOHNNTfbK%2Fimg.jpg
30,https://img1.daumcdn.net/thumb/R1280x0/?scode=mtistory2&fname=https%3A%2F%2Fblog.kakaocdn.net%2Fdn%2FCb1sx%2FbtqYnmSlMpe%2FkNzKCL1Fq5esTAPqPbHMOK%2Fimg.jpg
30,https://img1.daumcdn.net/thumb/R1280x0/?scode=mtistory2&fname=https%3A%2F%2Fblog.kakaocdn.net%2Fdn%2FMcKIg%2FbtqYrGvuxJh%2F2AvDlH1tVsv8IpvuysyNz1%2Fimg.jpg
31,https://img1.daumcdn.net/thumb/R1280x0/?scode=mtistory2&fname=https%3A%2F%2Fblog.kakaocdn.net%2Fdn%2Fbj3w3C%2FbtqYnobw5Na%2FOcB1PqX2PmN4qqYI73yj00%2Fimg.jpg
36,https://img1.daumcdn.net/thumb/R1280x0/?scode=mtistory2&fname=https%3A%2F%2Fblog.kakaocdn.net%2Fdn%2FbFx2I7%2FbtqYmIVBlCZ%2FiIjk0yaBSmqzbwSeX9hsrk%2Fimg.jpg
15,https://img1.daumcdn.net/thumb/R1280x0/?scode=mtistory2&fname=https%3A%2F%2Fblog.kakaocdn.net%2Fdn%2F5Hd8Q%2FbtqYmIVBlJG%2FnQgiiOCL7wrNM5MkJNjpWK%2Fimg.jpg
15,https://img1.daumcdn.net/thumb/R1280x0/?scode=mtistory2&fname=https%3A%2F%2Fblog.kakaocdn.net%2Fdn%2FYaVtt%2FbtqYgGkeDEF%2FYGGqBWtzUddzPtF3y6Aai0%2Fimg.jpg
15,https://img1.daumcdn.net/thumb/R1280x0/?scode=mtistory2&fname=https%3A%2F%2Fblog.kakaocdn.net%2Fdn%2FmNahZ%2FbtqYmHoWLsJ%2Fs5sZEnSHwBRU1rUYzxWsy1%2Fimg.jpg
5,https://img1.daumcdn.net/thumb/R1280x0/?scode=mtistory2&fname=https%3A%2F%2Fblog.kakaocdn.net%2Fdn%2FzmMzK%2FbtqYhx8o82w%2F1G0XfT2Kadu99QUWxsTh0k%2Fimg.jpg
2,https://img1.daumcdn.net/thumb/R1280x0/?scode=mtistory2&fname=https%3A%2F%2Fblog.kakaocdn.net%2Fdn%2FSGBVp%2FbtqYo0nK0Cg%2FJfuKOLsTkXyHO8GqpNscu0%2Fimg.jpg
2,https://img1.daumcdn.net/thumb/R1280x0/?scode=mtistory2&fname=https%3A%2F%2Fblog.kakaocdn.net%2Fdn%2F0OKyS%2FbtqYoYQZFYe%2FKzIB97vMP7WDwzsto3EbbK%2Fimg.jpg
26,https://img1.daumcdn.net/thumb/R1280x0/?scode=mtistory2&fname=https%3A%2F%2Fblog.kakaocdn.net%2Fdn%2FGsaVX%2FbtqYrGoJnym%2FwIUAawKk5KLP4pKhzuFQi0%2Fimg.jpg
26,https://img1.daumcdn.net/thumb/R1280x0/?scode=mtistory2&fname=https%3A%2F%2Fblog.kakaocdn.net%2Fdn%2FceeJnw%2FbtqYpWk4oa7%2FAKPcXH96eKEcYykzZEOYg1%2Fimg.jpg
41,https://img1.daumcdn.net/thumb/R1280x0/?scode=mtistory2&fname=https%3A%2F%2Fblog.kakaocdn.net%2Fdn%2FbN6SQv%2FbtqYgHDpCIh%2FGvc2RtFrOY78RY8hL9S8b0%2Fimg.jpg
44,https://img1.daumcdn.net/thumb/R1280x0/?scode=mtistory2&fname=https%3A%2F%2Fblog.kakaocdn.net%2Fdn%2Frfn9d%2FbtqYn4jxroe%2FdIQMfDUITxAcHERJl9azb0%2Fimg.jpg
13,https://img1.daumcdn.net/thumb/R1280x0/?scode=mtistory2&fname=https%3A%2F%2Fblog.kakaocdn.net%2Fdn%2FbD9Eky%2FbtqYoZPQbFy%2Fi6XGQlxZETrsb4icDYX960%2Fimg.jpg
13,https://img1.daumcdn.net/thumb/R1280x0/?scode=mtistory2&fname=https%3A%2F%2Fblog.kakaocdn.net%2Fdn%2FbouQkl%2FbtqYo0OP3PL%2F70TWdm0rkxCfGBUk392iZ1%2Fimg.jpg
23,https://img1.daumcdn.net/thumb/R1280x0/?scode=mtistory2&fname=https%3A%2F%2Fblog.kakaocdn.net%2Fdn%2FenP82F%2FbtqYoYKaA5T%2FMvRo4Z3Pbi2Kz0ADwuZTnK%2Fimg.jpg
28,https://img1.daumcdn.net/thumb/R1280x0/?scode=mtistory2&fname=https%3A%2F%2Fblog.kakaocdn.net%2Fdn%2FmTJ3f%2FbtqYrGbcGYh%2FjHTaklUBGdkoRN7w4RH940%2Fimg.jpg
53,https://img1.daumcdn.net/thumb/R1280x0/?scode=mtistory2&fname=https%3A%2F%2Fblog.kakaocdn.net%2Fdn%2Fbpsoiz%2FbtqYpV7usVF%2FKBzgnInYDLSpzzJxRj9Xy1%2Fimg.jpg
53,https://img1.daumcdn.net/thumb/R1280x0/?scode=mtistory2&fname=https%3A%2F%2Fblog.kakaocdn.net%2Fdn%2FIB24g%2FbtqYkarkRpm%2FFcpM8gaUih8Nnlk9QUHChK%2Fimg.jpg
48,https://img1.daumcdn.net/thumb/R1280x0/?scode=mtistory2&fname=https%3A%2F%2Fblog.kakaocdn.net%2Fdn%2FbwBie2%2FbtqYpWk4xxq%2FOY17xu8mJN4Rbm71ADD9G0%2Fimg.jpg
19,https://img1.daumcdn.net/thumb/R1280x0/?scode=mtistory2&fname=https%3A%2F%2Fblog.kakaocdn.net%2Fdn%2FJCXMF%2FbtqYpXjZBNs%2FwUIrWdiclTR7o5muLVz3W0%2Fimg.jpg
29,https://img1.daumcdn.net/thumb/R1280x0/?scode=mtistory2&fname=https%3A%2F%2Fblog.kakaocdn.net%2Fdn%2FcC7Uyi%2FbtqYkaSqZCq%2Fh50P7IQedChXsUyQKMWxHk%2Fimg.jpg
57,https://img1.daumcdn.net/thumb/R1280x0/?scode=mtistory2&fname=https%3A%2F%2Fblog.kakaocdn.net%2Fdn%2F37scN%2FbtqYrFpObK7%2F7nQDBkgx5rBodW6sB9iTA0%2Fimg.jpg
57,https://img1.daumcdn.net/thumb/R1280x0/?scode=mtistory2&fname=https%3A%2F%2Fblog.kakaocdn.net%2Fdn%2FbipwJa%2FbtqYpWk4ApA%2F20Ez8reLbShEoQbr6Ovsyk%2Fimg.jpg
9,https://img1.daumcdn.net/thumb/R1280x0/?scode=mtistory2&fname=https%3A%2F%2Fblog.kakaocdn.net%2Fdn%2Fc0L6Ni%2FbtqYn5iuhdX%2FmbjQDkTeY6kwWEuJqyS2aK%2Fimg.jpg
24,https://img1.daumcdn.net/thumb/R1280x0/?scode=mtistory2&fname=https%3A%2F%2Fblog.kakaocdn.net%2Fdn%2Fbmb55Y%2FbtqYn4jxyms%2FAOFMkmuIFWQYckq0bN2Ql1%2Fimg.jpg
24,https://img1.daumcdn.net/thumb/R1280x0/?scode=mtistory2&fname=https%3A%2F%2Fblog.kakaocdn.net%2Fdn%2FbmdXBQ%2FbtqYnn4JAdC%2FWVkFG5jCLvXrKwgyNvSD31%2Fimg.jpg
40,https://img1.daumcdn.net/thumb/R1280x0/?scode=mtistory2&fname=https%3A%2F%2Fblog.kakaocdn.net%2Fdn%2FBraTJ%2FbtqYhzLREnp%2Fkcw44MLf0JzvQndnSfrpa0%2Fimg.jpg
27,https://img1.daumcdn.net/thumb/R1280x0/?scode=mtistory2&fname=https%3A%2F%2Fblog.kakaocdn.net%2Fdn%2FbHgcw6%2FbtqYgFMoycw%2FCaK1zkiJHNbfCxRU1Bo3uK%2Fimg.jpg
45,https://img1.daumcdn.net/thumb/R1280x0/?scode=mtistory2&fname=https%3A%2F%2Fblog.kakaocdn.net%2Fdn%2FcjPsGQ%2FbtqYgHpTbqj%2FGCKoQqX1kjfkPYiAHaRP1k%2Fimg.jpg
42,https://img1.daumcdn.net/thumb/R1280x0/?scode=mtistory2&fname=https%3A%2F%2Fblog.kakaocdn.net%2Fdn%2FqlCbu%2FbtqYoZI67Mh%2FdgPlNLM9KBsejFMrcMv0VK%2Fimg.jpg
50,https://img1.daumcdn.net/thumb/R1280x0/?scode=mtistory2&fname=https%3A%2F%2Fblog.kakaocdn.net%2Fdn%2FVH1YM%2FbtqYnmSl3Ws%2FT6nverORJY4S00NCvkRmZk%2Fimg.jpg
50,https://img1.daumcdn.net/thumb/R1280x0/?scode=mtistory2&fname=https%3A%2F%2Fblog.kakaocdn.net%2Fdn%2Fbg3gRN%2FbtqYnoo5HCt%2Fgp1TYzhhTMMj47K4UKk690%2Fimg.jpg
6,https://img1.daumcdn.net/thumb/R1280x0/?scode=mtistory2&fname=https%3A%2F%2Fblog.kakaocdn.net%2Fdn%2Fr1AdD%2FbtqYmIuy3Ak%2FsQy4sNo8oexjk9Z1lZPVyK%2Fimg.jpg
6,https://img1.daumcdn.net/thumb/R1280x0/?scode=mtistory2&fname=https%3A%2F%2Fblog.kakaocdn.net%2Fdn%2FVTwRL%2FbtqYkaY6qqB%2FebxHGC8dKvO7n64I6derb0%2Fimg.jpg
32,https://img1.daumcdn.net/thumb/R1280x0/?scode=mtistory2&fname=https%3A%2F%2Fblog.kakaocdn.net%2Fdn%2FdtKAps%2FbtqYpWk4OkF%2FdYVyKSlcfhuiS6uTMuIKp0%2Fimg.jpg
46,https://img1.daumcdn.net/thumb/R1280x0/?scode=mtistory2&fname=https%3A%2F%2Fblog.kakaocdn.net%2Fdn%2FdjgiDy%2FbtqYo0acI5r%2FKiJnfzWQ57isx9TSZ1UEu1%2Fimg.jpg
56,https://img1.daumcdn.net/thumb/R1280x0/?scode=mtistory2&fname=https%3A%2F%2Fblog.kakaocdn.net%2Fdn%2FbgqOCs%2FbtqYkakyY7V%2FVCUyKRsabtm2BzRtCulz10%2Fimg.jpg
21,https://img1.daumcdn.net/thumb/R1280x0/?scode=mtistory2&fname=https%3A%2F%2Fblog.kakaocdn.net%2Fdn%2F3xgtJ%2FbtqYrFpPcbz%2FKrJWapbqzdCyTIpdUKqKG0%2Fimg.jpg
21,https://img1.daumcdn.net/thumb/R1280x0/?scode=mtistory2&fname=https%3A%2F%2Fblog.kakaocdn.net%2Fdn%2FbN1sUm%2FbtqYn4KDsLG%2Fr9Y5rkaYRFrWCNHxVVc5K0%2Fimg.jpg
10,https://img1.daumcdn.net/thumb/R1280x0/?scode=mtistory2&fname=https%3A%2F%2Fblog.kakaocdn.net%2Fdn%2FWGPeI%2FbtqYrFi4XjU%2Fsj3KKX54RWGk0N9AHZhBS1%2Fimg.jpg
10,https://img1.daumcdn.net/thumb/R1280x0/?scode=mtistory2&fname=https%3A%2F%2Fblog.kakaocdn.net%2Fdn%2FbiX66G%2FbtqYn5Jv3Sn%2FDdhRFWvIVaBKIkDUadKyuK%2Fimg.jpg
10,https://img1.daumcdn.net/thumb/R1280x0/?scode=mtistory2&fname=https%3A%2F%2Fblog.kakaocdn.net%2Fdn%2Fc1A86d%2FbtqYhx8puVb%2FxXqaGsjtTiVZqVpK9KpP40%2Fimg.jpg
14,https://img1.daumcdn.net/thumb/R1280x0/?scode=mtistory2&fname=https%3A%2F%2Fblog.kakaocdn.net%2Fdn%2FCamq0%2FbtqYrFQS3mS%2FZcl5RXuxdlKU8KXU4cStm1%2Fimg.jpg
35,https://img1.daumcdn.net/thumb/R1280x0/?scode=mtistory2&fname=https%3A%2F%2Fblog.kakaocdn.net%2Fdn%2Fz6FdY%2FbtqYnmrgZrr%2FseQ2XkGH9zsNq42diCzhR0%2Fimg.jpg
49,https://img1.daumcdn.net/thumb/R1280x0/?scode=mtistory2&fname=https%3A%2F%2Fblog.kakaocdn.net%2Fdn%2FcaJW7k%2FbtqYhyTNCvQ%2FX7B5p3BrX4gNIx4aY7HMv0%2Fimg.jpg
54,https://img1.daumcdn.net/thumb/R1280x0/?scode=mtistory2&fname=https%3A%2F%2Fblog.kakaocdn.net%2Fdn%2Fbm550K%2FbtqYn4DRpYy%2Fp80UBc4uWVtSXgKSKrIfp0%2Fimg.jpg
37,https://img1.daumcdn.net/thumb/R1280x0/?scode=mtistory2&fname=https%3A%2F%2Fblog.kakaocdn.net%2Fdn%2FRlppv%2FbtqYiChkGO4%2FUONct1rWA02zDyI5k3x0fk%2Fimg.jpg
37,https://img1.daumcdn.net/thumb/R1280x0/?scode=mtistory2&fname=https%3A%2F%2Fblog.kakaocdn.net%2Fdn%2FsaePJ%2FbtqYiDAvyu2%2FDHK90vEZE0CiJpzhFix1l1%2Fimg.jpg
43,https://img1.daumcdn.net/thumb/R1280x0/?scode=mtistory2&fname=https%3A%2F%2Fblog.kakaocdn.net%2Fdn%2FwB1VE%2FbtqYnobxrSa%2F3UkKy6u5u7dCu9Ui4ovOS0%2Fimg.jpg
43,https://img1.daumcdn.net/thumb/R1280x0/?scode=mtistory2&fname=https%3A%2F%2Fblog.kakaocdn.net%2Fdn%2FrXAaj%2FbtqYiB3TpGM%2FE0r7S4MRer1gPRoDn7Sln1%2Fimg.jpg
43,https://img1.daumcdn.net/thumb/R1280x0/?scode=mtistory2&fname=https%3A%2F%2Fblog.kakaocdn.net%2Fdn%2FnFJaN%2FbtqYpWSSNbN%2FLpkW0k1QiojhnnCtJvWhNK%2Fimg.jpg
22,https://img1.daumcdn.net/thumb/R1280x0/?scode=mtistory2&fname=https%3A%2F%2Fblog.kakaocdn.net%2Fdn%2Fu0VdQ%2FbtqYrFi42pp%2FBk3r2BJwa6nSfGKEOEAHWK%2Fimg.jpg
47,https://img1.daumcdn.net/thumb/R1280x0/?scode=mtistory2&fname=https%3A%2F%2Fblog.kakaocdn.net%2Fdn%2Fb2dNpT%2FbtqYn356VMd%2FSvg7gbkaQxfpb4g41CDzfk%2Fimg.jpg
8,https://img1.daumcdn.net/thumb/R1280x0/?scode=mtistory2&fname=https%3A%2F%2Fblog.kakaocdn.net%2Fdn%2FbxgDjc%2FbtqYnmLz2Mm%2Frins2JDXRuQ76L2mhkTkz1%2Fimg.jpg
17,https://img1.daumcdn.net/thumb/R1280x0/?scode=mtistory2&fname=https%3A%2F%2Fblog.kakaocdn.net%2Fdn%2FbOP5vP%2FbtqYhx8pz69%2F2pURNd2lVvs8NC0XL8DlDK%2Fimg.jpg
39,https://img1.daumcdn.net/thumb/R1280x0/?scode=mtistory2&fname=https%3A%2F%2Fblog.kakaocdn.net%2Fdn%2Fbaf23S%2FbtqYo0acUHW%2FdntJ2YEQ09sk06cvctWHTk%2Fimg.jpg
39,https://img1.daumcdn.net/thumb/R1280x0/?scode=mtistory2&fname=https%3A%2F%2Fblog.kakaocdn.net%2Fdn%2FcqRmGy%2FbtqYmHoXgez%2FZardZTC730w73k98eKNbwK%2Fimg.jpg
3,https://img1.daumcdn.net/thumb/R1280x0/?scode=mtistory2&fname=https%3A%2F%2Fblog.kakaocdn.net%2Fdn%2FbTPbfI%2FbtqYiCn2NIg%2FRKl8QyN9bwrYFtbFaCZT30%2Fimg.jpg
4,https://img1.daumcdn.net/thumb/R1280x0/?scode=mtistory2&fname=https%3A%2F%2Fblog.kakaocdn.net%2Fdn%2FbQH9uS%2FbtqYo0OQSS6%2FofK7c2jHKmPRFfs6fxKya1%2Fimg.jpg
4,https://img1.daumcdn.net/thumb/R1280x0/?scode=mtistory2&fname=https%3A%2F%2Fblog.kakaocdn.net%2Fdn%2FzqGWY%2FbtqYhz597wc%2F59u7kijkYG5XCriqxAcON0%2Fimg.jpg
33,https://img1.daumcdn.net/thumb/R1280x0/?scode=mtistory2&fname=https%3A%2F%2Fblog.kakaocdn.net%2Fdn%2FO4BHC%2FbtqYj9FUC2f%2FMYwGPpkYACQN9sdbkQ9Lxk%2Fimg.jpg
7,https://img1.daumcdn.net/thumb/R1280x0/?scode=mtistory2&fname=https%3A%2F%2Fblog.kakaocdn.net%2Fdn%2FcElVQ0%2FbtqYhyGoJWl%2F38dPls4vMhO2xMHjG5w1Ik%2Fimg.jpg
12,https://img1.daumcdn.net/thumb/R1280x0/?scode=mtistory2&fname=https%3A%2F%2Fblog.kakaocdn.net%2Fdn%2FytFmy%2FbtqYnmEMSDw%2FwlMTWhOENmOoRujUkAQBk1%2Fimg.jpg
38,https://img1.daumcdn.net/thumb/R1280x0/?scode=mtistory2&fname=https%3A%2F%2Fblog.kakaocdn.net%2Fdn%2Fb0asdi%2FbtqYn4xaf3O%2FzzJCKEeRzyQMJL6NGJWOtk%2Fimg.jpg
51,https://img1.daumcdn.net/thumb/R1280x0/?scode=mtistory2&fname=https%3A%2F%2Fblog.kakaocdn.net%2Fdn%2FbvrPNR%2FbtqYrFwCz8z%2F4nklo6upUWTlcO06IKtR8K%2Fimg.jpg
51,https://img1.daumcdn.net/thumb/R1280x0/?scode=mtistory2&fname=https%3A%2F%2Fblog.kakaocdn.net%2Fdn%2FUcpGl%2FbtqYnnqeYBv%2FpUp1wWtkR7yEJfdjwZipFk%2Fimg.jpg
55,https://img1.daumcdn.net/thumb/R1280x0/?scode=mtistory2&fname=https%3A%2F%2Fblog.kakaocdn.net%2Fdn%2FYt1Q1%2FbtqYka5WyV2%2FNdCTxwPyK0wOuFyz5izkCK%2Fimg.jpg
55,https://img1.daumcdn.net/thumb/R1280x0/?scode=mtistory2&fname=https%3A%2F%2Fblog.kakaocdn.net%2Fdn%2FeHq94x%2FbtqYpXEilMJ%2FP3q9O2CGLoPlnash75f1x0%2Fimg.jpg
55,https://img1.daumcdn.net/thumb/R1280x0/?scode=mtistory2&fname=https%3A%2F%2Fblog.kakaocdn.net%2Fdn%2Fbbg02b%2FbtqYmHbilVd%2FRFyDQaBpRmhspira122dB1%2Fimg.jpg
25,https://img1.daumcdn.net/thumb/R1280x0/?scode=mtistory2&fname=https%3A%2F%2Fblog.kakaocdn.net%2Fdn%2FC625A%2FbtqYiBW1dX6%2FVrLfnKzVKMCNc01qTg4rz0%2Fimg.jpg
16,https://img1.daumcdn.net/thumb/R1280x0/?scode=mtistory2&fname=https%3A%2F%2Fblog.kakaocdn.net%2Fdn%2FYGQJx%2FbtqYiCPcqRb%2FmaKEUkMKWyZG3lq2k6VXq1%2Fimg.jpg
16,https://img1.daumcdn.net/thumb/R1280x0/?scode=mtistory2&fname=https%3A%2F%2Fblog.kakaocdn.net%2Fdn%2Fdq5p9b%2FbtqYnobxEnL%2FWGhggnd0iQBPST54PJG8Rk%2Fimg.jpg
18,https://img1.daumcdn.net/thumb/R1280x0/?scode=mtistory2&fname=https%3A%2F%2Fblog.kakaocdn.net%2Fdn%2FbZKcQW%2FbtqYrGvu83s%2FvhP6hgsY4kcfFKORhIj6X0%2Fimg.jpg
52,https://img1.daumcdn.net/thumb/R1280x0/?scode=mtistory2&fname=https%3A%2F%2Fblog.kakaocdn.net%2Fdn%2Fbpq9pN%2FbtqYn4Yadoj%2FnZcA7ipjMXnnrKGdyu9ioK%2Fimg.jpg
34,https://img1.daumcdn.net/thumb/R1280x0/?scode=mtistory2&fname=https%3A%2F%2Fblog.kakaocdn.net%2Fdn%2FNJJZx%2FbtqYhyM3pvJ%2FjG8G106pIyqI4NaONuRJhK%2Fimg.jpg
58,https://img1.daumcdn.net/thumb/R1280x0/?scode=mtistory2&fname=https%3A%2F%2Fblog.kakaocdn.net%2Fdn%2Fc9NfWY%2FbtqYkax2Lf0%2FcHneOQuEaf4nk0rw0VQgn1%2Fimg.jpg
